Model,Target,MAE,RMSE,R2 Score
RandomForest,total_thermal_resistance,0.0001772975195147614,0.0003614368937563597,0.9998224780496606
RandomForest,junction_temperature,0.24313006590480402,0.4017655478444653,0.9995808009706867
XGBoost,total_thermal_resistance,0.0004573993778013625,0.0007393319556779324,0.9992572099904469
XGBoost,junction_temperature,0.3018216126106661,0.4871247790081311,0.9993837522778211
