Model,Target,MAE,RMSE,R2 Score
RandomForest,total_thermal_resistance,9.68532197283926e-05,0.00023733366068675677,0.9999255666966013
RandomForest,junction_temperature,0.13306520921062387,0.26025289222379444,0.9998281225624818
XGBoost,total_thermal_resistance,0.0002993281931876402,0.0004601151563727548,0.9997202425269592
XGBoost,junction_temperature,0.1747752724892875,0.23961834757450498,0.9998542972063216
