Model,Target,MAE,RMSE,R2 Score
RandomForest,total_thermal_resistance,0.00010026496190212861,0.00023681745774972957,0.9999264555443687
RandomForest,junction_temperature,0.13329218576614513,0.2736968154214121,0.9998084607705855
XGBoost,total_thermal_resistance,0.00030151274784426637,0.00045634977213577913,0.9997269022107597
XGBoost,junction_temperature,0.17316618220839294,0.23895419802475612,0.9998540017746342
